,90% Energy X,90% Energy Y,60% Energy X,60% Energy Y,Yen X,Yen Y,Peak Flux X,Peak Flux Y
result0cener_superposed_AA39_raw,675,527,677,525,675,527,667,508
result0cener_superposed_AE32_raw,773,557,770,557,775,558,761,557
result0cener_superposed_AF46_raw,804,549,802,547,802,549,786,557
result0cener_superposed_AH30_raw,569,563,571,562,569,563,569,592
result0cener_superposed_AM35_raw,786,470,786,471,786,471,787,475
result0cener_superposed_AO51_raw,586,450,584,448,585,449,594,444
result0cener_superposed_AP30_raw,781,460,783,458,781,460,794,451
result0cener_superposed_AP41_raw,624,478,623,479,624,478,616,479
result0stj_superposed_AA39_raw,136,136,137,135,136,136,130,127
result0stj_superposed_AE32_raw,110,106,109,105,111,106,102,109
result0stj_superposed_AF46_raw,108,126,104,126,109,126,101,122
result0stj_superposed_AH30_raw,127,102,128,102,127,102,125,112
result0stj_superposed_AM35_raw,114,108,115,108,115,107,116,111
result0stj_superposed_AO51_raw,131,108,131,107,132,108,124,102
result0stj_superposed_AP30_raw,110,150,110,150,109,149,117,146
result20cener_superposed_AA39_raw,685,425,689,423,686,424,684,449
result20cener_superposed_AE32_raw,680,585,676,585,680,585,666,597
result20cener_superposed_AF46_raw,818,558,811,557,818,558,824,539
result20cener_superposed_AH30_raw,611,414,612,413,610,414,612,442
result20cener_superposed_AM35_raw,667,308,638,608,637,607,647,605
result20cener_superposed_AO51_raw,665,545,663,543,664,544,655,538
result20cener_superposed_AP30_raw,585,444,586,442,585,444,596,434
result20cener_superposed_AP41_raw,606,598,607,599,605,599,607,595
result20stj_superposed_AA39_raw,113,110,113,109,112,109,106,101
result20stj_superposed_AE32_raw,130,138,129,138,130,139,133,138
result20stj_superposed_AF46_raw,141,126,139,125,142,126,135,129
result20stj_superposed_AH30_raw,121,116,122,115,121,116,120,128
result20stj_superposed_AM35_raw,110,134,110,135,110,133,112,136
result20stj_superposed_AO51_raw,143,115,142,114,143,116,136,112
result20stj_superposed_AP30_raw,140,132,141,131,139,131,146,129
result40cener_superposed_AA39_raw,713,416,714,419,713,416,714,440
result40cener_superposed_AE32_raw,791,535,788,535,792,534,799,534
result40cener_superposed_AF46_raw,813,503,807,506,814,503,817,505
result40cener_superposed_AH30_raw,749,555,751,556,749,555,743,580
result40cener_superposed_AM35_raw,595,515,596,517,596,517,596,525
result40cener_superposed_AO51_raw,589,489,586,490,588,489,595,493
result40cener_superposed_AP30_raw,738,496,740,498,738,496,743,495
result40cener_superposed_AP41_raw,689,560,689,562,689,560,688,571
result40stj_superposed_AA39_raw,139,125,139,127,139,124,131,123
result40stj_superposed_AE32_raw,118,116,116,116,118,115,112,119
result40stj_superposed_AF46_raw,137,129,133,131,140,129,127,142
result40stj_superposed_AH30_raw,111,134,112,134,110,133,109,146
result40stj_superposed_AM35_raw,119,121,120,121,119,120,120,127
result40stj_superposed_AO51_raw,108,150,106,151,108,150,99,149
result40stj_superposed_AP30_raw,113,137,114,138,114,136,123,137
