File_name,LLX,LLY,LRX,LRY,ULX,ULY,URX,URY
CENER_superposed_AA39_raw.png,306,871,1170,878,350,79,1132,80
CENER_superposed_AE32_raw.png,306,871,1170,878,350,79,1132,80
CENER_superposed_AF46_raw.png,306,871,1170,878,350,79,1132,80
CENER_superposed_AH30_raw.png,306,871,1170,878,350,79,1132,80
CENER_superposed_AM35_raw.png,306,871,1170,878,350,79,1132,80
CENER_superposed_AO51_raw.png,306,871,1170,878,350,79,1132,80
CENER_superposed_AP30_raw.png,306,871,1170,878,350,79,1132,80
CENER_superposed_AP41_raw.png,306,871,1170,878,350,79,1132,80
STJ_superposed_AA39_raw.png,0,255,255,255,0,0,255,0
STJ_superposed_AE32_raw.png,0,255,255,255,0,0,255,0
STJ_superposed_AF46_raw.png,0,255,255,255,0,0,255,0
STJ_superposed_AH30_raw.png,0,255,255,255,0,0,255,0
STJ_superposed_AM35_raw.png,0,255,255,255,0,0,255,0
STJ_superposed_AO51_raw.png,0,255,255,255,0,0,255,0
STJ_superposed_AP30_raw.png,0,255,255,255,0,0,255,0
